id,value
flare,
flare.analytics,
flare.analytics.cluster,
flare.analytics.cluster.AgglomerativeCluster,3938
flare.analytics.cluster.CommunityStructure,3812
flare.analytics.cluster.HierarchicalCluster,6714
flare.analytics.cluster.MergeEdge,743
flare.analytics.graph,
flare.analytics.graph.BetweennessCentrality,3534
flare.analytics.graph.LinkDistance,5731
flare.analytics.graph.MaxFlowMinCut,7840
flare.vis.data.Tree,7147
flare.vis.data.TreeBuilder,9930
flare.vis.events,
flare.vis.events.DataEvent,2313
flare.vis.events.SelectionEvent,1880
flare.vis.events.TooltipEvent,1701
flare.vis.events.VisualizationEvent,1117
flare.vis.legend,
flare.vis.legend.Legend,20859
flare.vis.legend.LegendItem,4614
flare.vis.legend.LegendRange,10530
flare.vis.operator,
flare.vis.operator.distortion,
flare.vis.operator.distortion.BifocalDistortion,4461
flare.vis.operator.distortion.Distortion,6314
flare.vis.operator.distortion.FisheyeDistortion,3444
flare.vis.operator.encoder,
flare.vis.operator.encoder.ColorEncoder,3179
flare.vis.operator.filter,
flare.vis.operator.filter.FisheyeTreeFilter,5219
flare.vis.operator.filter.GraphDistanceFilter,3165
flare.vis.operator.filter.VisibilityFilter,3509
flare.vis.operator.IOperator,1286
flare.vis.operator.label,
flare.vis.operator.label.Labeler,9956
flare.vis.operator.label.RadialLabeler,3899
flare.vis.operator.label.StackedAreaLabeler,3202
flare.vis.operator.layout,
flare.vis.operator.layout.AxisLayout,6725
flare.vis.operator.layout.BundledEdgeRouter,3727

flare.vis.operator.layout.Layout,7881
flare.vis.operator.layout.ÇÑ±¹¸»,12870
flare.vis.operator.layout.PieLayout,2728
flare.vis.operator.layout.RadialTreeLayout,12348
flare.vis.operator.layout.RandomLayout,870
flare.vis.operator.layout.StackedAreaLayout,9121
flare.vis.operator.layout.TreeMapLayout,9191
flare.vis.operator.Operator,2490
flare.vis.operator.OperatorList,5248

flare.vis.Visualization,16540